id,name,age,house_number,village_no,village_name,ตำบล,อำเภอ,จังหวัด,latitude,longitude,hct_percentage,weight_kg,height_cm,nutrition_status,iron_supplement_received,food_behavior,social_status,caregiver_name,hct_score,weight_score,iron_score,food_score,social_score,total_score,risk_level,last_medication_date,หมายเหตุ,is_active
CHILD_1784123607962_1,ดช.ภวินท์ ศรีสวนแก้ว,4 ปี,77,3,บ้านป่าช้ากวาง,คลองหาด,คลองหาด,สระแก้ว,13.462987,102.253093,35,15.8,103,สมส่วน,ได้,,,สมหญิง,0,,-,,TRUE,,เสี่ยงปานกลาง,,,FALSE
CHILD_1784123607962_2,ดช.หัสดี ศรีดำ,4 ปี,9849,8,บ้านเขาดิน,คลองหาด,คลองหาด,สระแก้ว,13.452623,102.33218,35,19.4,104,สมส่วน,ได้,,,เทวัญ,0,เสี่ยงปานกลาง,-,,TRUE,,เสี่ยงปานกลาง,,,TRUE
CHILD_1784123607962_3,ดช.ธารณ์ภัควัฒน์ สุทธินันท์,4 ปี,320,1,บ้านคลองหาด,คลองหาด,คลองหาด,สระแก้ว,13.453589,102.299076,34,13.7,103,สมส่วน,ได้,,,เบญจมาศ,0,เสี่ยงต่ำ,-,,TRUE,,เสี่ยงต่ำ,,,TRUE
CHILD_1784123607962_4,ดญ.นิรดา คล้อยตาม,9 เดือน,250,9,บ้านเขาเลื่อมใต้,คลองหาด,คลองหาด,สระแก้ว,13.4089029,102.3070586,36,7.52,69,สมส่วน,ได้,,,ณรงค์,0,เสี่ยงต่ำ,-,,TRUE,,เสี่ยงต่ำ,,,TRUE
CHILD_1784123607962_5,ดช.ภูรินทร์ ทองวิจิตร,4 ปี,120,5,บ้านคลองหาด,คลองหาด,คลองหาด,สระแก้ว,13.4507208,102.2989702,35,16.1,98,สมส่วน,ได้,,,ลออ,0,เสี่ยงต่ำ,-,,TRUE,,เสี่ยงต่ำ,,,TRUE
CHILD_1784123607962_6,ดญ.สุนีย์พร โพธิ์งาม,4 ปี,100,4,บ้านเขาเลื่อม,คลองหาด,คลองหาด,สระแก้ว,13.41006,102.30072,31,15.2,101,สมส่วน,ได้,,,นที,0,,-,,TRUE,,เสี่ยงปานกลาง,,,TRUE
CHILD_1784123607962_7,ดญ.ภูรดา แก้วละลัย,4 ปี,129,5,บ้านคลองหาด,คลองหาด,คลองหาด,สระแก้ว,13.459817,102.301409,36,15.2,108,สมส่วน,ได้,,,ลออ,0,,-,,TRUE,,เสี่ยงต่ำ,,,TRUE
CHILD_1784123607962_8,ดช.ชินภัทร แก้วละลัย,9 เดือน,129,5,บ้านคลองหาด,คลองหาด,คลองหาด,สระแก้ว,13.4721432,102.2568526,31,8.3,74,สมส่วน,ได้,,,ลออ,0,,-,,TRUE,,เสี่ยงปานกลาง,,,TRUE
CHILD_1784123607962_9,ดช.ธนดล กางกอน,9 เดือน,67,11,บ้านป่าตะแบก,คลองหาด,คลองหาด,สระแก้ว,13.4916354,102.2773734,34,7.35,68,สมส่วน,ได้,,,นฤมล,0,เสี่ยงต่ำ,-,,TRUE,,เสี่ยงต่ำ,,,TRUE
CHILD_1784123607962_10,ดช.ธนวินต์ ธนสัญชัย,4 ปี,4,6,บ้านทับวังวน,คลองหาด,คลองหาด,สระแก้ว,13.4589002,102.3052735,37,14,100,สมส่วน,ได้,,,รัชฎาภรณ์,0,,-,,TRUE,,เสี่ยงต่ำ,,,TRUE
CHILD_1784123607962_11,ดช.รัชพล สาลีนนท์,9 เดือน,8,6,บ้านทับวังวน,คลองหาด,คลองหาด,สระแก้ว,13.4497395,102.3048127,30,6.8,68,ค่อนข้างผอม,ได้,,,สัมฤทธิ์,0,,-,,TRUE,,เสี่ยงสูง,,,TRUE
13.3456789,ทดลอง,4 ปี,เป็นประจำ,3,คลองหาด,คลองหาด,13,102.2345679,99,20,,,,,,0,บ้านคลองหาดพัฒนา,,0,,-,,TRUE,3,คลองหาด,-,ทดลอง,FALSE
13.4510617,ดช.ศิวะกร สมสุขสันต์,9 เดือน,บางครั้ง,3,คลองหาด,คลองหาด,8,102.3327233,151,7.4,,,,,,0,บ้านเขาดิน,,0,คลองหาด,-,,TRUE,1,คลองหาด,-,"Hct ครั้งที่ 1  33%  FeSO4  1 cc *weekly
Hct ครั้งที่ 2  35%  FeSO4  1 cc *weekly",TRUE
33,ดช.ศิวะกร สมสุขสันต์,9 เดือน,คลองหาด,บางครั้ง,3,คลองหาด,151,7.4,,,,,,,13.4510617,0,8,102.3327233,0,บ้านเขาดิน,-,,TRUE,2,บ้านเขาดิน,-,Hct ครั้งที่ 1  33%  FeSO4 1.5 cc วันละ 1 ครั้ง,TRUE
69,ดช.ศิวะกร สมสุขสันต์,9 เดือน,บ้านเขาดิน,คลองหาด,บางครั้ง,3,เสี่ยงปานกลาง,ค่อนข้างผอม,,,,,13.4510617,102.3327233,33,0,151,7.4,0,8,-,,TRUE,3,8,-,Hct ครั้งที่ 1 33% FeSO4 1.5 cc วันละ 1 ครั้ง,TRUE
ไม่สม่ำเสมอ,ดช.ศิวะกร สมสุขสันต์,9 เดือน,8,บ้านเขาดิน,คลองหาด,บางครั้ง,เพียงพอ,เทวัญ,,,13.4510617,102.3327233,33,7.4,69,3,เสี่ยงปานกลาง,ค่อนข้างผอม,0,151,-,,TRUE,3,90/1,-,Hct ครั้งที่ 1 31 %  FeSO4 0.5 cc /weekly,TRUE
ไม่สม่ำเสมอ,ดช.พงษ์พิพัฒน์ งิ้วงาม,9 เดือน,10,บ้านไทยพัฒนา,คลองหาด,บางครั้ง,เพียงพอ,อธิปพล,#NUM!,#NUM!,,,34,6.82,70,3,เสี่ยงปานกลาง,ค่อนข้างผอม,-,Hct ครั้งที่ 1 34 % FeSO4 0.5 cc /สัปดาห์,TRUE,1,0,3,122,-,Hct ครั้งที่ 1 34 % FeSO4 0.5 cc /สัปดาห์,TRUE
ไม่สม่ำเสมอ,ด.ช.นันทกร อายุโย,4 ปี,11,บ้านคลองหาด,คลองหาด,บางครั้ง,ขัดสน,นีรชา ประเสริฐสงค์,#NUM!,#NUM!,13.4893221,102.2944184,30,15.4,102,4,เสี่ยงสูง,สมส่วน,-,เจาะHctวันที่ 15/7/2569 ผล 30%,TRUE,1,1,4,128,-,เจาะHctวันที่ 15/7/2569 ผล 30%,TRUE
ไม่สม่ำเสมอ,ดช.พงษ์พิพัฒน์ งิ้วงาม,9 เดือน,10,บ้านไทยพัฒนา,คลองหาด,บางครั้ง,เพียงพอ,อธิปพล,#NUM!,#NUM!,,,34,6.82,70,3,เสี่ยงปานกลาง,ค่อนข้างผอม,-,Hct ครั้งที่ 1 34 % FeSO4 0.5 cc /สัปดาห์,TRUE,,,,122,,,TRUE
ไม่สม่ำเสมอ,ด.ช.นันทกร อายุโย,4 ปี,11,บ้านคลองหาด,คลองหาด,บางครั้ง,ขัดสน,นีรชา ประเสริฐสงค์,#NUM!,#NUM!,13.4893221,102.2944184,30,15.4,102,4,เสี่ยงสูง,สมส่วน,-,เจาะHctวันที่ 15/7/2569 ผล 30%,TRUE,,,,128,,,TRUE
32,ทดลอง,4 ปี,คลองหาด,เป็นประจำ,3,คลองหาด,99,20,,,,,,,13.3456789,0,13,102.2345679,0,,-,,TRUE,,บ้านคลองหาดพัฒนา,,,FALSE
ไม่สม่ำเสมอ,ดญ.นันท์ภัสสร วาระโร,9 เดือน,8,บ้านเขาดิน,คลองหาด,บางครั้ง,เพียงพอ,เทวัญ,#NUM!,#NUM!,13.4459168,102.3276059,31,9.46,70,3,เสี่ยงปานกลาง,สมส่วน,-,Hct ครั้งที่ 1 31 %  FeSO4 0.5 cc /weekly,TRUE,,,,90/1,,,TRUE
ไม่สม่ำเสมอ,ดช.ภวินท์ ศรีสวนแก้ว,4 ปี,3,บ้านป่าช้ากวาง,คลองหาด,เป็นประจำ,เพียงพอ,สมหญิง,#NUM!,#NUM!,13.462987,102.253093,35,15.8,103,1,เสี่ยงต่ำ,สมส่วน,-,"Hct ครั้งที่ 1  33%  FeSO4  1 cc *weekly
Hct ครั้งที่ 2  35%  FeSO4  1 cc *weekly",TRUE,,,,77,,,TRUE
ไม่สม่ำเสมอ,ดญ.ณัฐพิมล คำเตรียม,9 เดือน,7,บ้านซับมะกรูด,คลองหาด,บางครั้ง,เพียงพอ,สัมฤทธิ์,#NUM!,#NUM!,13.4605489,102.2901696,33,9.1,72,2,เสี่ยงปานกลาง,สมส่วน,-,Hct ครั้งที่ 1  33%  FeSO4 1.5 cc วันละ 1 ครั้ง,TRUE,,,,144,,,TRUE
ไม่สม่ำเสมอ,ดช.ศิวะกร สมสุขสันต์,9 เดือน,8,บ้านเขาดิน,คลองหาด,บางครั้ง,เพียงพอ,เทวัญ,#NUM!,#NUM!,13.4510617,102.3327233,33,7.4,69,3,เสี่ยงปานกลาง,ค่อนข้างผอม,-,Hct ครั้งที่ 1 33% FeSO4 1.5 cc วันละ 1 ครั้ง,TRUE,,,,151,,,TRUE
69,ดช.ศิวะกร สมสุขสันต์,9 เดือน,บ้านเขาดิน,คลองหาด,บางครั้ง,3,เสี่ยงปานกลาง,ค่อนข้างผอม,#NUM!,#NUM!,,,13.4510617,102.3327233,33,0,151,7.4,-,,TRUE,,,,8,,,TRUE
100,ทดลอง,4 ปี,บ้านคลองหาดพัฒนา,คลองหาด,เป็นประจำ,3,เสี่ยงปานกลาง,ผอม,,,,,13.3456789,102.2345679,32,0,99,20,0,,-,,TRUE,,13,,,FALSE
33,ดช.ศิวะกร สมสุขสันต์,9 เดือน,คลองหาด,บางครั้ง,3,0,151,7.4,#NUM!,#NUM!,,,,,13.4510617,0,8,102.3327233,-,,TRUE,,,,บ้านเขาดิน,,,TRUE
32,ทดลอง,4 ปี,คลองหาด,เป็นประจำ,3,0,99,20,#NUM!,#NUM!,,,,,13.3456789,0,13,102.2345679,-,,TRUE,,,,บ้านคลองหาดพัฒนา,,,TRUE
13.3456789,ทดลอง,4 ปี,เป็นประจำ,3,คลองหาด,0,13,102.2345679,99,20,,,,,,0,บ้านคลองหาดพัฒนา,,-,,TRUE,,,,คลองหาด,,,TRUE
13.4510617,ดช.ศิวะกร สมสุขสันต์,9 เดือน,บางครั้ง,3,คลองหาด,0,8,102.3327233,151,7.4,,,,,,0,บ้านเขาดิน,,-,,TRUE,,,,คลองหาด,,,TRUE
CHILD_1784123607963_32,ดช.ศิวะกร สมสุขสันต์,9 เดือน,3,คลองหาด,คลองหาด,คลองหาด,บ้านเขาดิน,สระแก้ว,8,102.3327233,151,7.4,,,,0,คลองหาด,,0,,-,,TRUE,,บางครั้ง,,,TRUE
CHILD_1784123607963_33,ทดลอง,4 ปี,3,คลองหาด,คลองหาด,คลองหาด,บ้านคลองหาดพัฒนา,สระแก้ว,13,102.2345679,99,20,,,,0,คลองหาด,,0,,-,,TRUE,,เป็นประจำ,,,FALSE
CHILD_1784123607962_7,ดญ.ภูรดา แก้วละลัย,4 ปี,129,5,บ้านคลองหาด,คลองหาด,คลองหาด,สระแก้ว,13.459817,102.301409,36,15.2,108,สมส่วน,ได้,,,ลออ,0,เสี่ยงต่ำ,-,,TRUE,,,,,
CHILD_1784123607962_6,ดญ.สุนีย์พร โพธิ์งาม,4 ปี,100,4,บ้านเขาเลื่อม,คลองหาด,คลองหาด,สระแก้ว,13.41006,102.30072,31,15.2,101,สมส่วน,ได้,,,นที,0,เสี่ยงปานกลาง,-,,TRUE,,,,,
CHILD_1784123607962_11,ดช.รัชพล สาลีนนท์,9 เดือน,8,6,บ้านทับวังวน,คลองหาด,คลองหาด,สระแก้ว,13.4497395,102.3048127,30,6.8,68,ค่อนข้างผอม,ได้,,,สัมฤทธิ์,0,เสี่ยงสูง,-,,TRUE,,,,,
CHILD_1784123607962_1,ดช.ภวินท์ ศรีสวนแก้ว,4 ปี,77,3,บ้านป่าช้ากวาง,คลองหาด,คลองหาด,สระแก้ว,13.462987,102.253093,35,15.8,103,สมส่วน,ได้,,,สมหญิง,0,เสี่ยงปานกลาง,-,,TRUE,,,,,
CHILD_1784123607962_8,ดช.ชินภัทร แก้วละลัย,9 เดือน,129,5,บ้านคลองหาด,คลองหาด,คลองหาด,สระแก้ว,13.4721432,102.2568526,31,8.3,74,สมส่วน,ได้,,,ลออ,0,เสี่ยงปานกลาง,-,,TRUE,,,,,
CHILD_1784123607963_32,ดช.ศิวะกร สมสุขสันต์,9 เดือน,3,คลองหาด,คลองหาด,คลองหาด,บ้านเขาดิน,สระแก้ว,8,102.3327233,151,7.4,,,,0,คลองหาด,,0,บางครั้ง,-,,TRUE,,,,,
CHILD_1784123607962_10,ดช.ธนวินต์ ธนสัญชัย,4 ปี,4,6,บ้านทับวังวน,คลองหาด,คลองหาด,สระแก้ว,13.4589002,102.3052735,37,14,100,สมส่วน,ได้,,,รัชฎาภรณ์,0,เสี่ยงต่ำ,-,,TRUE,,,,,
CHILD_1784123607962_1,ดช.ภวินท์ ศรีสวนแก้ว,4 ปี,77,3,บ้านป่าช้ากวาง,คลองหาด,คลองหาด,สระแก้ว,13.462987,102.253093,35,15.8,103,สมส่วน,ได้,,,สมหญิง,0,,-,,TRUE,,,,,
100,ทดลอง,4 ปี,บ้านคลองหาดพัฒนา,คลองหาด,เป็นประจำ,3,เสี่ยงปานกลาง,ผอม,,,,,13.3456789,102.2345679,32,0,99,20,0,13,-,,FALSE,,,,,
CHILD_1784123607963_33,ทดลอง,4 ปี,3,คลองหาด,คลองหาด,คลองหาด,บ้านคลองหาดพัฒนา,สระแก้ว,13,102.2345679,99,20,,,,0,คลองหาด,,0,เป็นประจำ,-,,FALSE,,,,,
32,ทดลอง,4 ปี,คลองหาด,เป็นประจำ,3,คลองหาด,99,20,,,,,,,13.3456789,0,13,102.2345679,0,บ้านคลองหาดพัฒนา,-,,TRUE,,,,,
13.3456789,ทดลอง,4 ปี,เป็นประจำ,3,คลองหาด,คลองหาด,13,102.2345679,99,20,,,,,,0,บ้านคลองหาดพัฒนา,,0,คลองหาด,-,,TRUE,,,,,