Timestamp,User,Action,Details
"7/6/2026, 1:21:37",staff1@example.com,เข้าสู่ระบบ,เข้าสู่ระบบผ่าน SSO
"7/6/2026, 1:21:39",staff1@example.com,เข้าสู่ระบบ,เข้าสู่ระบบผ่าน SSO
"7/6/2026, 6:19:11",staff1@example.com,เข้าสู่ระบบ,เข้าสู่ระบบผ่าน SSO
"7/6/2026, 7:09:40",staff1@example.com,เข้าสู่ระบบ,เข้าสู่ระบบผ่าน SSO
"7/6/2026, 7:12:06",staff1@example.com,เพิ่มข้อมูลเด็ก,เพิ่มเด็กใหม่เข้าระบบ: ทดลอง ID: CHILD_1780791125536
"7/6/2026, 11:53:11",staff1@example.com,เข้าสู่ระบบ,เข้าสู่ระบบผ่าน SSO
"7/6/2026, 11:53:13",staff1@example.com,เข้าสู่ระบบ,เข้าสู่ระบบผ่าน SSO
"7/6/2026, 12:04:30",staff1@example.com,เข้าสู่ระบบ,เข้าสู่ระบบผ่าน SSO
"7/6/2026, 12:47:33",U3af6242cca7461e50a315350a6911f48,ลงทะเบียน,Auto-register LINE user รอการอนุมัติ
"7/6/2026, 12:49:44",U3af6242cca7461e50a315350a6911f48,เข้าสู่ระบบ,เข้าสู่ระบบผ่าน LINE
"7/6/2026, 17:53:10",Ue4e74143579fe25b51a650c933d27f25,ลงทะเบียน,Auto-register LINE user รอการอนุมัติ
"7/6/2026, 17:54:37",U7c8185a28500c285605a19d533bdd791,ลงทะเบียน,Auto-register LINE user รอการอนุมัติ
"7/6/2026, 17:55:24",U7c8185a28500c285605a19d533bdd791,เข้าสู่ระบบ,เข้าสู่ระบบผ่าน LINE
"7/6/2026, 18:01:35",ITklonghad01@gmail.com,เข้าสู่ระบบ,เข้าสู่ระบบผ่าน SSO
"7/6/2026, 18:01:36",ITklonghad01@gmail.com,เข้าสู่ระบบ,เข้าสู่ระบบผ่าน SSO
"7/6/2026, 18:24:13",ITklonghad01@gmail.com,เข้าสู่ระบบ,เข้าสู่ระบบผ่าน SSO
"8/6/2026, 11:17:08",ITklonghad01@gmail.com,เข้าสู่ระบบ,เข้าสู่ระบบผ่าน SSO
"10/6/2026, 12:20:16",ITklonghad01@gmail.com,เข้าสู่ระบบ,เข้าสู่ระบบผ่าน SSO
"12/6/2026, 13:38:54",ITklonghad01@gmail.com,เข้าสู่ระบบ,เข้าสู่ระบบผ่าน SSO
"25/6/2026, 10:53:28",staff2@example.com,เข้าสู่ระบบ,เข้าสู่ระบบผ่าน SSO
"25/6/2026, 10:59:09",staff2@example.com,เพิ่มข้อมูลเด็ก,เพิ่มเด็กใหม่เข้าระบบ: ดช.ภวินท์ ศรีสวนแก้ว ID: CHILD_1782359949054
"25/6/2026, 11:16:20",staff2@example.com,เพิ่มข้อมูลเด็ก,เพิ่มเด็กใหม่เข้าระบบ: ดญ.ณัฐพิมล คำเตรียม ID: CHILD_1782360979959
"25/6/2026, 11:27:21",staff2@example.com,เพิ่มข้อมูลเด็ก,เพิ่มเด็กใหม่เข้าระบบ: ดช.ศิวกร สมสุขสันต์ ID: CHILD_1782361640684
"25/6/2026, 11:28:12",staff2@example.com,แก้ไขข้อมูลเด็ก,แก้ไขประวัติเด็ก: ดญ.ณัฐพิมล คำเตรียม ID: CHILD_1782360979959
"25/6/2026, 11:29:01",staff2@example.com,แก้ไขข้อมูลเด็ก,แก้ไขประวัติเด็ก: ดช.ศิวะกร สมสุขสันต์ ID: CHILD_1782361640684
"25/6/2026, 11:33:01",staff2@example.com,เพิ่มข้อมูลเด็ก,เพิ่มเด็กใหม่เข้าระบบ: ดญ.นันท์ภัสสร วาระโร ID: CHILD_1782361980985
"25/6/2026, 11:38:46",staff2@example.com,เพิ่มข้อมูลเด็ก,เพิ่มเด็กใหม่เข้าระบบ: ดช.พงษ์พิพัฒน์ งิ้วงาม ID: CHILD_1782362325248
"25/6/2026, 11:39:19",staff2@example.com,แก้ไขข้อมูลเด็ก,แก้ไขประวัติเด็ก: ดช.พงษ์พิพัฒน์ งิ้วงาม ID: CHILD_1782362325248
"25/6/2026, 11:40:00",staff2@example.com,แก้ไขข้อมูลเด็ก,แก้ไขประวัติเด็ก: ดช.พงษ์พิพัฒน์ งิ้วงาม ID: CHILD_1782362325248
"25/6/2026, 20:51:31",ITklonghad01@gmail.com,เข้าสู่ระบบ,เข้าสู่ระบบผ่าน SSO
"27/6/2026, 8:48:56",ITklonghad01@gmail.com,เข้าสู่ระบบ,เข้าสู่ระบบผ่าน SSO
"27/6/2026, 8:55:45",admin,เข้าสู่ระบบ,เข้าสู่ระบบผ่าน SSO
"27/6/2026, 9:09:34",itklonghad01@gmail.com,Rebuild MapData,Sync พิกัดทั้งหมด 16 จุดไปยัง Sheet MapData
"27/6/2026, 9:10:13",admin,เข้าสู่ระบบ,เข้าสู่ระบบผ่าน SSO
"27/6/2026, 10:12:23",staff2@example.com,เข้าสู่ระบบ,เข้าสู่ระบบผ่าน SSO
"2/7/2026, 9:58:42",staff2@example.com,เข้าสู่ระบบ,เข้าสู่ระบบผ่าน SSO
"2/7/2026, 10:15:02",local-user@example.com,แก้ไขผู้ใช้งาน,อัปเดตข้อมูลผู้ใช้: สุดคนึง แย้มปราศัย
"2/7/2026, 14:50:21",staff2@example.com,เข้าสู่ระบบ,เข้าสู่ระบบผ่าน SSO
"15/7/2026, 9:21:55",admin,เข้าสู่ระบบ,เข้าสู่ระบบผ่าน SSO
"15/7/2026, 10:19:06",staff2@example.com,เข้าสู่ระบบ,เข้าสู่ระบบผ่าน SSO
"15/7/2026, 10:32:11",admin,เข้าสู่ระบบ,เข้าสู่ระบบผ่าน SSO
"15/7/2026, 11:07:24",admin,เข้าสู่ระบบ,เข้าสู่ระบบผ่าน SSO
"15/7/2026, 12:58:29",itklonghad01@gmail.com,เพิ่มผู้ดูแลระบบอัตโนมัติ,เพิ่ม Google active user เป็นผู้ดูแลระบบ: itklonghad01@gmail.com
"15/7/2026, 12:58:32",itklonghad01@gmail.com,เข้าสู่ระบบ,เข้าสู่ระบบผ่าน SSO
"15/7/2026, 12:58:53",itklonghad01@gmail.com,ลบผู้ใช้งาน,ลบผู้ใช้: อภิเสฏฐ์ ID: L20260607_175436
"15/7/2026, 12:59:04",itklonghad01@gmail.com,ลบผู้ใช้งาน,ลบผู้ใช้: Toey🧿💰♾️🪴 ID: L20260607_175309
"15/7/2026, 12:59:21",itklonghad01@gmail.com,ลบผู้ใช้งาน,ลบผู้ใช้: 🆃🅾🅽🅶 ID: L20260607_124732
"15/7/2026, 12:59:52",itklonghad01@gmail.com,ลบผู้ใช้งาน,ลบผู้ใช้: อสม. สมใจ ชุมชน ID: AOR001
"15/7/2026, 13:00:05",itklonghad01@gmail.com,ลบผู้ใช้งาน,ลบผู้ใช้: อสม. บุญมี รักถิ่น ID: AOR002
"15/7/2026, 13:00:15",itklonghad01@gmail.com,ลบผู้ใช้งาน,ลบผู้ใช้: อสม. ดวงใจ ปัญญา ID: AOR003
"15/7/2026, 13:05:33",itklonghad01@gmail.com,แก้ไขผู้ใช้งาน,อัปเดตข้อมูลผู้ใช้: สุดคนึง แย้มปราศัย
"15/7/2026, 13:08:25",itklonghad01@gmail.com,เข้าสู่ระบบ,เข้าสู่ระบบผ่าน SSO
"15/7/2026, 13:28:54",admin1,เข้าสู่ระบบ,เข้าสู่ระบบผ่าน SSO
"15/7/2026, 13:32:05",admin,เข้าสู่ระบบ,เข้าสู่ระบบผ่าน SSO
"15/7/2026, 13:33:13",itklonghad01@gmail.com,เข้าสู่ระบบ,เข้าสู่ระบบผ่าน SSO
"15/7/2026, 13:36:51",itklonghad01@gmail.com,เข้าสู่ระบบ,เข้าสู่ระบบผ่าน EMAIL
"15/7/2026, 13:38:47",itklonghad01@gmail.com,เข้าสู่ระบบ,เข้าสู่ระบบผ่าน EMAIL
"15/7/2026, 13:44:05",admin1,เข้าสู่ระบบ,เข้าสู่ระบบผ่าน SSO
"15/7/2026, 13:55:43",admin1,เพิ่มข้อมูลเด็ก,เพิ่มเด็กใหม่เข้าระบบ: ด.ช.นันทกร อายุโย ID: CHILD_1784098542351
"15/7/2026, 14:06:07",admin1,ลบข้อมูลเด็ก,ทำการลบ (Soft Delete) เด็ก ID: CHILD_1780791125536 ชื่อ: ทดลอง
"15/7/2026, 16:46:23",itklonghad01@gmail.com,เข้าสู่ระบบ,เข้าสู่ระบบผ่าน EMAIL
"15/7/2026, 16:48:52",itklonghad01@gmail.com,เข้าสู่ระบบ,เข้าสู่ระบบผ่าน EMAIL
"15/7/2026, 16:50:35",itklonghad01@gmail.com,Rebuild MapData,Sync พิกัดทั้งหมด 16 จุดไปยัง Sheet MapData
"15/7/2026, 16:55:31",itklonghad01@gmail.com,เข้าสู่ระบบ,เข้าสู่ระบบผ่าน EMAIL
"15/7/2026, 16:58:02",itklonghad01@gmail.com,Rebuild MapData,Sync พิกัดทั้งหมด 16 จุดไปยัง Sheet MapData
"15/7/2026, 16:59:51",itklonghad01@gmail.com,เข้าสู่ระบบ,เข้าสู่ระบบผ่าน EMAIL
"15/7/2026, 17:03:31",itklonghad01@gmail.com,เข้าสู่ระบบ,เข้าสู่ระบบผ่าน EMAIL
"15/7/2026, 18:19:29",admin,เข้าสู่ระบบ,เข้าสู่ระบบผ่าน EMAIL
"15/7/2026, 18:20:20",admin,เข้าสู่ระบบ,เข้าสู่ระบบผ่าน SSO
"15/7/2026, 18:33:40",admin,เข้าสู่ระบบ,เข้าสู่ระบบผ่าน EMAIL
"15/7/2026, 18:34:04",admin,เข้าสู่ระบบ,เข้าสู่ระบบผ่าน SSO
"15/7/2026, 18:34:50",itklonghad01@gmail.com,เข้าสู่ระบบ,เข้าสู่ระบบผ่าน SSO
"15/7/2026, 18:37:49",itklonghad01@gmail.com,เข้าสู่ระบบ,เข้าสู่ระบบผ่าน EMAIL
"15/7/2026, 18:39:35",itklonghad01@gmail.com,เข้าสู่ระบบ,เข้าสู่ระบบผ่าน EMAIL
"15/7/2026, 18:45:45",itklonghad01@gmail.com,เข้าสู่ระบบ,เข้าสู่ระบบผ่าน EMAIL
"15/7/2026, 18:47:19",itklonghad01@gmail.com,เข้าสู่ระบบ,เข้าสู่ระบบผ่าน EMAIL
"15/7/2026, 18:49:57",itklonghad01@gmail.com,เข้าสู่ระบบ,เข้าสู่ระบบผ่าน EMAIL
"15/7/2026, 18:51:54",itklonghad01@gmail.com,เข้าสู่ระบบ,เข้าสู่ระบบผ่าน EMAIL
"15/7/2026, 18:54:19",itklonghad01@gmail.com,เข้าสู่ระบบ,เข้าสู่ระบบผ่าน EMAIL
"15/7/2026, 19:01:44",itklonghad01@gmail.com,เข้าสู่ระบบ,เข้าสู่ระบบผ่าน EMAIL
"15/7/2026, 19:04:31",itklonghad01@gmail.com,เข้าสู่ระบบ,เข้าสู่ระบบผ่าน EMAIL
"15/7/2026, 19:06:53",Supabase Webhook,Sync-Insert,ซิงค์ประสานเด็กจาก Supabase: ดช.พงษ์พิพัฒน์ งิ้วงาม ID: CHILD_1782362325248
"15/7/2026, 19:06:53",Supabase Webhook,Sync-Insert,ซิงค์ประสานเด็กจาก Supabase: ด.ช.นันทกร อายุโย ID: CHILD_1784098542351
"15/7/2026, 19:06:54",Supabase Webhook,Sync-Insert,ซิงค์ประสานเด็กจาก Supabase: ทดลอง ID: CHILD_1780791125536
"15/7/2026, 19:06:54",Supabase Webhook,Sync-Insert,ซิงค์ประสานเด็กจาก Supabase: ดญ.นันท์ภัสสร วาระโร ID: CHILD_1782361980985
"15/7/2026, 19:06:54",Supabase Webhook,Sync-Insert,ซิงค์ประสานเด็กจาก Supabase: ดช.ภวินท์ ศรีสวนแก้ว ID: CHILD_1782359949054
"15/7/2026, 19:06:55",Supabase Webhook,Sync-Insert,ซิงค์ประสานเด็กจาก Supabase: ดญ.ณัฐพิมล คำเตรียม ID: CHILD_1782360979959
"15/7/2026, 19:06:56",Supabase Webhook,Sync-Insert,ซิงค์ประสานเด็กจาก Supabase: ดช.ศิวะกร สมสุขสันต์ ID: CHILD_1782361640684
"15/7/2026, 19:13:11",itklonghad01@gmail.com,เข้าสู่ระบบ,เข้าสู่ระบบผ่าน EMAIL
"15/7/2026, 19:13:40",itklonghad01@gmail.com,เข้าสู่ระบบ,เข้าสู่ระบบผ่าน EMAIL
"15/7/2026, 19:14:34",itklonghad01@gmail.com,เข้าสู่ระบบ,เข้าสู่ระบบผ่าน EMAIL
"15/7/2026, 19:18:07",itklonghad01@gmail.com,เข้าสู่ระบบ,เข้าสู่ระบบผ่าน EMAIL
"15/7/2026, 19:48:39",itklonghad01@gmail.com,เข้าสู่ระบบ,เข้าสู่ระบบผ่าน EMAIL
"15/7/2026, 19:48:53",itklonghad01@gmail.com,เข้าสู่ระบบ,เข้าสู่ระบบผ่าน EMAIL
"15/7/2026, 19:50:53",itklonghad01@gmail.com,เข้าสู่ระบบ,เข้าสู่ระบบผ่าน SSO
"15/7/2026, 20:32:24",itklonghad01@gmail.com,เข้าสู่ระบบ,เข้าสู่ระบบผ่าน EMAIL
"15/7/2026, 20:39:45",itklonghad01@gmail.com,เข้าสู่ระบบ,เข้าสู่ระบบผ่าน EMAIL
"15/7/2026, 20:40:46",Supabase Webhook,Sync-Update,ซิงค์แก้ไขข้อมูลเด็กจาก Supabase: ดช.พงษ์พิพัฒน์ งิ้วงาม ID: CHILD_1782362325248
"15/7/2026, 20:40:46",Supabase Webhook,Sync-Update,ซิงค์แก้ไขข้อมูลเด็กจาก Supabase: ทดลอง ID: CHILD_1780791125536
"15/7/2026, 20:40:46",Supabase Webhook,Sync-Insert,ซิงค์ประสานเด็กจาก Supabase: ดช.ศิวะกร สมสุขสันต์ ID: ไม่สม่ำเสมอ
"15/7/2026, 20:40:46",Supabase Webhook,Sync-Update,ซิงค์แก้ไขข้อมูลเด็กจาก Supabase: ดญ.ณัฐพิมล คำเตรียม ID: CHILD_1782360979959
"15/7/2026, 20:40:46",Supabase Webhook,Sync-Update,ซิงค์แก้ไขข้อมูลเด็กจาก Supabase: ดญ.นันท์ภัสสร วาระโร ID: CHILD_1782361980985
"15/7/2026, 20:40:47",Supabase Webhook,Sync-Insert,ซิงค์ประสานเด็กจาก Supabase: ทดลอง ID: สม่ำเสมอ
"15/7/2026, 20:40:58",Supabase Webhook,Sync-Update,ซิงค์แก้ไขข้อมูลเด็กจาก Supabase: ดช.ศิวะกร สมสุขสันต์ ID: ไม่สม่ำเสมอ
"15/7/2026, 20:40:59",Supabase Webhook,Sync-Insert,ซิงค์ประสานเด็กจาก Supabase: ดช.ศิวะกร สมสุขสันต์ ID: 69
"15/7/2026, 20:40:59",Supabase Webhook,Sync-Insert,ซิงค์ประสานเด็กจาก Supabase: ทดลอง ID: 100
"15/7/2026, 20:41:00",Supabase Webhook,Sync-Update,ซิงค์แก้ไขข้อมูลเด็กจาก Supabase: ทดลอง ID: สม่ำเสมอ
"15/7/2026, 20:41:57",Supabase Webhook,Sync-Update,ซิงค์แก้ไขข้อมูลเด็กจาก Supabase: ดช.ศิวะกร สมสุขสันต์ ID: ไม่สม่ำเสมอ
"15/7/2026, 20:41:57",Supabase Webhook,Sync-Update,ซิงค์แก้ไขข้อมูลเด็กจาก Supabase: ดช.ศิวะกร สมสุขสันต์ ID: 69
"15/7/2026, 20:41:57",Supabase Webhook,Sync-Update,ซิงค์แก้ไขข้อมูลเด็กจาก Supabase: ทดลอง ID: 100
"15/7/2026, 20:41:57",Supabase Webhook,Sync-Insert,ซิงค์ประสานเด็กจาก Supabase: ทดลอง ID: 32
"15/7/2026, 20:41:58",Supabase Webhook,Sync-Insert,ซิงค์ประสานเด็กจาก Supabase: ดช.ศิวะกร สมสุขสันต์ ID: 33
"15/7/2026, 20:42:00",Supabase Webhook,Sync-Update,ซิงค์แก้ไขข้อมูลเด็กจาก Supabase: ทดลอง ID: สม่ำเสมอ
"15/7/2026, 20:50:36",Supabase Webhook,Sync-Update,ซิงค์แก้ไขข้อมูลเด็กจาก Supabase: ดช.ศิวะกร สมสุขสันต์ ID: ไม่สม่ำเสมอ
"15/7/2026, 20:50:36",Supabase Webhook,Sync-Update,ซิงค์แก้ไขข้อมูลเด็กจาก Supabase: ทดลอง ID: 100
"15/7/2026, 20:50:36",Supabase Webhook,Sync-Insert,ซิงค์ประสานเด็กจาก Supabase: ดช.ศิวะกร สมสุขสันต์ ID: 13.4510617
"15/7/2026, 20:50:36",Supabase Webhook,Sync-Update,ซิงค์แก้ไขข้อมูลเด็กจาก Supabase: ดช.ศิวะกร สมสุขสันต์ ID: 33
"15/7/2026, 20:50:37",Supabase Webhook,Sync-Insert,ซิงค์ประสานเด็กจาก Supabase: ทดลอง ID: 13.3456789
"15/7/2026, 20:50:37",Supabase Webhook,Sync-Update,ซิงค์แก้ไขข้อมูลเด็กจาก Supabase: ทดลอง ID: 32
"15/7/2026, 20:53:58",Supabase Webhook,Sync-Update,ซิงค์แก้ไขข้อมูลเด็กจาก Supabase: ดช.ศิวะกร สมสุขสันต์ ID: 69
"15/7/2026, 20:53:58",Supabase Webhook,Sync-Update,ซิงค์แก้ไขข้อมูลเด็กจาก Supabase: ทดลอง ID: 100
"15/7/2026, 20:53:59",Supabase Webhook,Sync-Update,ซิงค์แก้ไขข้อมูลเด็กจาก Supabase: ทดลอง ID: 32
"15/7/2026, 20:53:59",Supabase Webhook,Sync-Insert,ซิงค์ประสานเด็กจาก Supabase: ดญ.ภูรดา แก้วละลัย ID: CHILD_1784123607962_7
"15/7/2026, 20:54:00",Supabase Webhook,Sync-Insert,ซิงค์ประสานเด็กจาก Supabase: ดช.ธนดล กางกอน ID: CHILD_1784123607962_9
"15/7/2026, 20:54:00",Supabase Webhook,Sync-Update,ซิงค์แก้ไขข้อมูลเด็กจาก Supabase: ดช.ศิวะกร สมสุขสันต์ ID: 13.4510617
"15/7/2026, 20:54:00",Supabase Webhook,Sync-Insert,ซิงค์ประสานเด็กจาก Supabase: ดช.ภวินท์ ศรีสวนแก้ว ID: CHILD_1784123607962_1
"15/7/2026, 20:54:01",Supabase Webhook,Sync-Insert,ซิงค์ประสานเด็กจาก Supabase: ดญ.นิรดา คล้อยตาม ID: CHILD_1784123607962_4
"15/7/2026, 20:54:01",Supabase Webhook,Sync-Insert,ซิงค์ประสานเด็กจาก Supabase: ดช.ศิวะกร สมสุขสันต์ ID: CHILD_1784123607963_32
"15/7/2026, 20:54:02",Supabase Webhook,Sync-Insert,ซิงค์ประสานเด็กจาก Supabase: ดช.ธนวินต์ ธนสัญชัย ID: CHILD_1784123607962_10
"15/7/2026, 20:54:05",Supabase Webhook,Sync-Update,ซิงค์แก้ไขข้อมูลเด็กจาก Supabase: ดช.ศิวะกร สมสุขสันต์ ID: ไม่สม่ำเสมอ
"15/7/2026, 20:54:50",itklonghad01@gmail.com,เข้าสู่ระบบ,เข้าสู่ระบบผ่าน EMAIL
"15/7/2026, 20:55:57",Supabase Webhook,Sync-Update,ซิงค์แก้ไขข้อมูลเด็กจาก Supabase: ดช.หัสดี ศรีดำ ID: CHILD_1784123607962_2
"15/7/2026, 20:55:57",Supabase Webhook,Sync-Update,ซิงค์แก้ไขข้อมูลเด็กจาก Supabase: ดช.ศิวะกร สมสุขสันต์ ID: 69
"15/7/2026, 20:55:58",Supabase Webhook,Sync-Update,ซิงค์แก้ไขข้อมูลเด็กจาก Supabase: ดญ.สุนีย์พร โพธิ์งาม ID: CHILD_1784123607962_6
"15/7/2026, 20:55:58",Supabase Webhook,Sync-Update,ซิงค์แก้ไขข้อมูลเด็กจาก Supabase: ทดลอง ID: 13.3456789
"15/7/2026, 20:55:59",Supabase Webhook,Sync-Update,ซิงค์แก้ไขข้อมูลเด็กจาก Supabase: ดช.ภวินท์ ศรีสวนแก้ว ID: CHILD_1784123607962_1
"15/7/2026, 20:55:59",Supabase Webhook,Sync-Update,ซิงค์แก้ไขข้อมูลเด็กจาก Supabase: ดช.รัชพล สาลีนนท์ ID: CHILD_1784123607962_11
"15/7/2026, 20:55:59",Supabase Webhook,Sync-Update,ซิงค์แก้ไขข้อมูลเด็กจาก Supabase: ดช.ธารณ์ภัควัฒน์ สุทธินันท์ ID: CHILD_1784123607962_3
"15/7/2026, 20:55:59",Supabase Webhook,Sync-Update,ซิงค์แก้ไขข้อมูลเด็กจาก Supabase: ดช.ภูรินทร์ ทองวิจิตร ID: CHILD_1784123607962_5
"15/7/2026, 20:56:00",itklonghad01@gmail.com,Rebuild MapData,Sync พิกัดทั้งหมด 23 จุดไปยัง Sheet MapData
"15/7/2026, 20:56:01",Supabase Webhook,Sync-Update,ซิงค์แก้ไขข้อมูลเด็กจาก Supabase: ดช.ศิวะกร สมสุขสันต์ ID: 33
"15/7/2026, 20:56:03",Supabase Webhook,Sync-Update,ซิงค์แก้ไขข้อมูลเด็กจาก Supabase: ดญ.ภูรดา แก้วละลัย ID: CHILD_1784123607962_7
"15/7/2026, 20:57:43",Supabase Webhook,Sync-Update,ซิงค์แก้ไขข้อมูลเด็กจาก Supabase: ดช.รัชพล สาลีนนท์ ID: CHILD_1784123607962_11
"15/7/2026, 20:57:43",Supabase Webhook,Sync-Update,ซิงค์แก้ไขข้อมูลเด็กจาก Supabase: ดญ.ภูรดา แก้วละลัย ID: CHILD_1784123607962_7
"15/7/2026, 20:57:43",Supabase Webhook,Sync-Update,ซิงค์แก้ไขข้อมูลเด็กจาก Supabase: ดช.ภวินท์ ศรีสวนแก้ว ID: CHILD_1784123607962_1
"15/7/2026, 20:57:43",Supabase Webhook,Sync-Update,ซิงค์แก้ไขข้อมูลเด็กจาก Supabase: ทดลอง ID: 13.3456789
"15/7/2026, 20:57:43",Supabase Webhook,Sync-Update,ซิงค์แก้ไขข้อมูลเด็กจาก Supabase: ดช.ศิวะกร สมสุขสันต์ ID: ไม่สม่ำเสมอ
"15/7/2026, 20:57:43",Supabase Webhook,Sync-Update,ซิงค์แก้ไขข้อมูลเด็กจาก Supabase: ดช.ศิวะกร สมสุขสันต์ ID: 69
"15/7/2026, 20:57:44",Supabase Webhook,Sync-Update,ซิงค์แก้ไขข้อมูลเด็กจาก Supabase: ดช.ธารณ์ภัควัฒน์ สุทธินันท์ ID: CHILD_1784123607962_3
"15/7/2026, 20:57:44",Supabase Webhook,Sync-Update,ซิงค์แก้ไขข้อมูลเด็กจาก Supabase: ดช.ศิวะกร สมสุขสันต์ ID: CHILD_1784123607963_32
"15/7/2026, 20:57:44",Supabase Webhook,Sync-Update,ซิงค์แก้ไขข้อมูลเด็กจาก Supabase: ดช.ศิวะกร สมสุขสันต์ ID: 13.4510617
"15/7/2026, 20:57:44",Supabase Webhook,Sync-Update,ซิงค์แก้ไขข้อมูลเด็กจาก Supabase: ดช.ภูรินทร์ ทองวิจิตร ID: CHILD_1784123607962_5
"15/7/2026, 20:57:44",Supabase Webhook,Sync-Update,ซิงค์แก้ไขข้อมูลเด็กจาก Supabase: ดช.ธนดล กางกอน ID: CHILD_1784123607962_9
"15/7/2026, 20:57:45",Supabase Webhook,Sync-Update,ซิงค์แก้ไขข้อมูลเด็กจาก Supabase: ทดลอง ID: 32
"15/7/2026, 20:57:48",Supabase Webhook,Sync-Update,ซิงค์แก้ไขข้อมูลเด็กจาก Supabase: ดช.ธนวินต์ ธนสัญชัย ID: CHILD_1784123607962_10
"15/7/2026, 21:03:04",Supabase Webhook,Sync-Update,ซิงค์แก้ไขข้อมูลเด็กจาก Supabase: ดญ.นิรดา คล้อยตาม ID: CHILD_1784123607962_4
"15/7/2026, 21:03:04",Supabase Webhook,Sync-Update,ซิงค์แก้ไขข้อมูลเด็กจาก Supabase: ดช.ศิวะกร สมสุขสันต์ ID: ไม่สม่ำเสมอ
"15/7/2026, 21:03:05",Supabase Webhook,Sync-Update,ซิงค์แก้ไขข้อมูลเด็กจาก Supabase: ดช.รัชพล สาลีนนท์ ID: CHILD_1784123607962_11
"15/7/2026, 21:03:05",Supabase Webhook,Sync-Update,ซิงค์แก้ไขข้อมูลเด็กจาก Supabase: ดช.ธนวินต์ ธนสัญชัย ID: CHILD_1784123607962_10
"15/7/2026, 21:03:05",Supabase Webhook,Sync-Update,ซิงค์แก้ไขข้อมูลเด็กจาก Supabase: ดช.ศิวะกร สมสุขสันต์ ID: 69
"15/7/2026, 21:03:05",Supabase Webhook,Sync-Update,ซิงค์แก้ไขข้อมูลเด็กจาก Supabase: ดช.ศิวะกร สมสุขสันต์ ID: 13.4510617
"15/7/2026, 21:03:05",Supabase Webhook,Sync-Update,ซิงค์แก้ไขข้อมูลเด็กจาก Supabase: ทดลอง ID: 100
"15/7/2026, 21:03:05",Supabase Webhook,Sync-Update,ซิงค์แก้ไขข้อมูลเด็กจาก Supabase: ดช.ธนดล กางกอน ID: CHILD_1784123607962_9
"15/7/2026, 21:03:06",Supabase Webhook,Sync-Update,ซิงค์แก้ไขข้อมูลเด็กจาก Supabase: ดญ.ภูรดา แก้วละลัย ID: CHILD_1784123607962_7
"15/7/2026, 21:03:06",Supabase Webhook,Sync-Update,ซิงค์แก้ไขข้อมูลเด็กจาก Supabase: ทดลอง ID: 32
"15/7/2026, 21:04:06",Supabase Webhook,Sync-Update,ซิงค์แก้ไขข้อมูลเด็กจาก Supabase: ทดลอง ID: 100
"15/7/2026, 21:04:06",Supabase Webhook,Sync-Update,ซิงค์แก้ไขข้อมูลเด็กจาก Supabase: ดญ.ภูรดา แก้วละลัย ID: CHILD_1784123607962_7
"15/7/2026, 21:04:06",Supabase Webhook,Sync-Update,ซิงค์แก้ไขข้อมูลเด็กจาก Supabase: ดช.หัสดี ศรีดำ ID: CHILD_1784123607962_2
"15/7/2026, 21:04:06",Supabase Webhook,Sync-Update,ซิงค์แก้ไขข้อมูลเด็กจาก Supabase: ดช.ธารณ์ภัควัฒน์ สุทธินันท์ ID: CHILD_1784123607962_3
"15/7/2026, 21:04:06",Supabase Webhook,Sync-Update,ซิงค์แก้ไขข้อมูลเด็กจาก Supabase: ทดลอง ID: 32
"15/7/2026, 21:04:06",Supabase Webhook,Sync-Update,ซิงค์แก้ไขข้อมูลเด็กจาก Supabase: ดช.ศิวะกร สมสุขสันต์ ID: 13.4510617
"15/7/2026, 21:04:07",Supabase Webhook,Sync-Update,ซิงค์แก้ไขข้อมูลเด็กจาก Supabase: ดช.ภวินท์ ศรีสวนแก้ว ID: CHILD_1784123607962_1
"15/7/2026, 21:04:07",Supabase Webhook,Sync-Update,ซิงค์แก้ไขข้อมูลเด็กจาก Supabase: ทดลอง ID: 13.3456789
"15/7/2026, 21:04:07",Supabase Webhook,Sync-Update,ซิงค์แก้ไขข้อมูลเด็กจาก Supabase: ดญ.นิรดา คล้อยตาม ID: CHILD_1784123607962_4
"15/7/2026, 21:04:07",Supabase Webhook,Sync-Update,ซิงค์แก้ไขข้อมูลเด็กจาก Supabase: ดช.รัชพล สาลีนนท์ ID: CHILD_1784123607962_11
"15/7/2026, 21:04:07",Supabase Webhook,Sync-Update,ซิงค์แก้ไขข้อมูลเด็กจาก Supabase: ดญ.สุนีย์พร โพธิ์งาม ID: CHILD_1784123607962_6
"15/7/2026, 21:04:08",Supabase Webhook,Sync-Update,ซิงค์แก้ไขข้อมูลเด็กจาก Supabase: ดช.ธนวินต์ ธนสัญชัย ID: CHILD_1784123607962_10
"15/7/2026, 21:04:09",Supabase Webhook,Sync-Update,ซิงค์แก้ไขข้อมูลเด็กจาก Supabase: ทดลอง ID: CHILD_1784123607963_33
"16/7/2026, 10:59:34",admin1,เข้าสู่ระบบ,เข้าสู่ระบบผ่าน SSO
"16/7/2026, 11:00:18",super,เข้าสู่ระบบ,เข้าสู่ระบบผ่าน SSO
"16/7/2026, 11:06:42",super,เพิ่มผู้ใช้งาน,เพิ่มผู้ใช้ใหม่: ทดสอบ
"16/7/2026, 11:07:30",super,เข้าสู่ระบบ,เข้าสู่ระบบผ่าน EMAIL
"16/7/2026, 11:10:43",Supabase Webhook,Sync-Update,ซิงค์แก้ไขข้อมูลเด็กจาก Supabase: ดช.ภวินท์ ศรีสวนแก้ว ID: CHILD_1784123607962_1
"16/7/2026, 11:10:43",Supabase Webhook,Sync-Update,ซิงค์แก้ไขข้อมูลเด็กจาก Supabase: ดช.ธนวินต์ ธนสัญชัย ID: CHILD_1784123607962_10
"16/7/2026, 11:10:43",Supabase Webhook,Sync-Update,ซิงค์แก้ไขข้อมูลเด็กจาก Supabase: ดช.ธนดล กางกอน ID: CHILD_1784123607962_9
"16/7/2026, 11:10:43",Supabase Webhook,Sync-Update,ซิงค์แก้ไขข้อมูลเด็กจาก Supabase: ดช.ศิวะกร สมสุขสันต์ ID: 33
"16/7/2026, 11:10:43",Supabase Webhook,Sync-Update,ซิงค์แก้ไขข้อมูลเด็กจาก Supabase: ทดลอง ID: CHILD_1784123607963_33
"16/7/2026, 11:10:44",Supabase Webhook,Sync-Update,ซิงค์แก้ไขข้อมูลเด็กจาก Supabase: ดช.ศิวะกร สมสุขสันต์ ID: CHILD_1784123607963_32
"16/7/2026, 11:10:44",Supabase Webhook,Sync-Update,ซิงค์แก้ไขข้อมูลเด็กจาก Supabase: ดช.รัชพล สาลีนนท์ ID: CHILD_1784123607962_11
"16/7/2026, 11:10:44",Supabase Webhook,Sync-Update,ซิงค์แก้ไขข้อมูลเด็กจาก Supabase: ทดลอง ID: 100
"16/7/2026, 11:10:44",Supabase Webhook,Sync-Update,ซิงค์แก้ไขข้อมูลเด็กจาก Supabase: ดญ.ภูรดา แก้วละลัย ID: CHILD_1784123607962_7
"16/7/2026, 11:10:45",Supabase Webhook,Sync-Update,ซิงค์แก้ไขข้อมูลเด็กจาก Supabase: ดญ.นิรดา คล้อยตาม ID: CHILD_1784123607962_4
"16/7/2026, 11:12:20",super,เข้าสู่ระบบ,เข้าสู่ระบบผ่าน EMAIL
"16/7/2026, 11:13:50",admin1,เข้าสู่ระบบ,เข้าสู่ระบบผ่าน SSO
"16/7/2026, 11:21:28",itklonghad01@gmail.com,Rebuild MapData,Sync พิกัดทั้งหมด 23 จุดไปยัง Sheet MapData
"16/7/2026, 11:24:34",super,บันทึกการตั้งค่าระบบ,อัปเดต System Settings
"16/7/2026, 11:27:51",Supabase Webhook,Sync-Delete,ซิงค์ลบประวัติเด็กจาก Supabase ID: CHILD_1784123607963_33
"16/7/2026, 11:27:52",Supabase Webhook,Sync-Delete,ซิงค์ลบประวัติเด็กจาก Supabase ID: 100
"16/7/2026, 11:27:52",Supabase Webhook,Sync-Delete,ซิงค์ลบประวัติเด็กจาก Supabase ID: 32
"16/7/2026, 11:27:52",Supabase Webhook,Sync-Delete,ซิงค์ลบประวัติเด็กจาก Supabase ID: 13.3456789
"16/7/2026, 11:28:49",Supabase Webhook,Sync-Delete,ซิงค์ลบประวัติเด็กจาก Supabase ID: CHILD_1784123607962_1
"16/7/2026, 11:29:14",Supabase Webhook,Sync-Update,ซิงค์แก้ไขข้อมูลเด็กจาก Supabase: ดช.ธนวินต์ ธนสัญชัย ID: CHILD_1784123607962_10
"16/7/2026, 11:29:14",Supabase Webhook,Sync-Update,ซิงค์แก้ไขข้อมูลเด็กจาก Supabase: ดญ.สุนีย์พร โพธิ์งาม ID: CHILD_1784123607962_6
"16/7/2026, 11:29:14",Supabase Webhook,Sync-Update,ซิงค์แก้ไขข้อมูลเด็กจาก Supabase: ดช.ชินภัทร แก้วละลัย ID: CHILD_1784123607962_8
"16/7/2026, 11:29:15",Supabase Webhook,Sync-Update,ซิงค์แก้ไขข้อมูลเด็กจาก Supabase: ดช.ธนดล กางกอน ID: CHILD_1784123607962_9
"16/7/2026, 11:29:15",Supabase Webhook,Sync-Update,ซิงค์แก้ไขข้อมูลเด็กจาก Supabase: ดช.ธารณ์ภัควัฒน์ สุทธินันท์ ID: CHILD_1784123607962_3
"16/7/2026, 11:29:15",Supabase Webhook,Sync-Update,ซิงค์แก้ไขข้อมูลเด็กจาก Supabase: ดช.ศิวะกร สมสุขสันต์ ID: 33
"16/7/2026, 11:29:15",Supabase Webhook,Sync-Insert,ซิงค์ประสานเด็กจาก Supabase: ทดลอง ID: 100
"16/7/2026, 11:29:16",Supabase Webhook,Sync-Insert,ซิงค์ประสานเด็กจาก Supabase: ทดลอง ID: CHILD_1784123607963_33
"16/7/2026, 11:29:16",Supabase Webhook,Sync-Insert,ซิงค์ประสานเด็กจาก Supabase: ทดลอง ID: 32
"16/7/2026, 11:29:18",Supabase Webhook,Sync-Insert,ซิงค์ประสานเด็กจาก Supabase: ทดลอง ID: 13.3456789
"16/7/2026, 11:31:34",itklonghad01@gmail.com,Rebuild MapData,Sync พิกัดทั้งหมด 24 จุดไปยัง Sheet MapData
"16/7/2026, 11:32:42",itklonghad01@gmail.com,Rebuild MapData,Sync พิกัดทั้งหมด 24 จุดไปยัง Sheet MapData
"16/7/2026, 11:36:36",admin1,เข้าสู่ระบบ,เข้าสู่ระบบผ่าน SSO
"16/7/2026, 11:47:17",super,เข้าสู่ระบบ,เข้าสู่ระบบผ่าน SSO
"16/7/2026, 12:03:22",itklonghad01@gmail.com,Rebuild MapData,Sync พิกัดทั้งหมด 24 จุดไปยัง Sheet MapData
"16/7/2026, 12:04:05",Supabase Webhook,Sync-Update,ซิงค์แก้ไขข้อมูลเด็กจาก Supabase: ดญ.นิรดา คล้อยตาม ID: CHILD_1784123607962_4
"16/7/2026, 12:04:05",Supabase Webhook,Sync-Update,ซิงค์แก้ไขข้อมูลเด็กจาก Supabase: ดช.ชินภัทร แก้วละลัย ID: CHILD_1784123607962_8
"16/7/2026, 12:04:05",Supabase Webhook,Sync-Update,ซิงค์แก้ไขข้อมูลเด็กจาก Supabase: ดช.ศิวะกร สมสุขสันต์ ID: 13.4510617
"16/7/2026, 12:04:06",Supabase Webhook,Sync-Update,ซิงค์แก้ไขข้อมูลเด็กจาก Supabase: ดช.ธนวินต์ ธนสัญชัย ID: CHILD_1784123607962_10
"16/7/2026, 12:04:06",Supabase Webhook,Sync-Update,ซิงค์แก้ไขข้อมูลเด็กจาก Supabase: ดช.ศิวะกร สมสุขสันต์ ID: 69
"16/7/2026, 12:04:07",Supabase Webhook,Sync-Update,ซิงค์แก้ไขข้อมูลเด็กจาก Supabase: ดญ.สุนีย์พร โพธิ์งาม ID: CHILD_1784123607962_6
"16/7/2026, 12:04:07",Supabase Webhook,Sync-Update,ซิงค์แก้ไขข้อมูลเด็กจาก Supabase: ทดลอง ID: 13.3456789
"16/7/2026, 12:04:07",Supabase Webhook,Sync-Update,ซิงค์แก้ไขข้อมูลเด็กจาก Supabase: ดช.ธนดล กางกอน ID: CHILD_1784123607962_9
"16/7/2026, 12:24:44",super,เข้าสู่ระบบ,เข้าสู่ระบบผ่าน EMAIL
"16/7/2026, 12:31:26",super,เข้าสู่ระบบ,เข้าสู่ระบบผ่าน EMAIL
"16/7/2026, 12:34:23",super,เข้าสู่ระบบ,เข้าสู่ระบบผ่าน EMAIL
"16/7/2026, 13:09:22",super,เข้าสู่ระบบ,เข้าสู่ระบบผ่าน EMAIL
"16/7/2026, 13:09:43",Supabase Webhook,Sync-Update,ซิงค์แก้ไขข้อมูลเด็กจาก Supabase: ดญ.สุนีย์พร โพธิ์งาม ID: CHILD_1784123607962_6
"16/7/2026, 13:09:43",Supabase Webhook,Sync-Update,ซิงค์แก้ไขข้อมูลเด็กจาก Supabase: ดช.ธนดล กางกอน ID: CHILD_1784123607962_9
"16/7/2026, 13:09:44",Supabase Webhook,Sync-Update,ซิงค์แก้ไขข้อมูลเด็กจาก Supabase: ดช.ศิวะกร สมสุขสันต์ ID: ไม่สม่ำเสมอ
"16/7/2026, 13:09:44",Supabase Webhook,Sync-Update,ซิงค์แก้ไขข้อมูลเด็กจาก Supabase: ดช.ธารณ์ภัควัฒน์ สุทธินันท์ ID: CHILD_1784123607962_3
"16/7/2026, 13:09:44",Supabase Webhook,Sync-Update,ซิงค์แก้ไขข้อมูลเด็กจาก Supabase: ดช.ภวินท์ ศรีสวนแก้ว ID: CHILD_1784123607962_1
"16/7/2026, 13:09:44",Supabase Webhook,Sync-Update,ซิงค์แก้ไขข้อมูลเด็กจาก Supabase: ดช.ธนวินต์ ธนสัญชัย ID: CHILD_1784123607962_10
"16/7/2026, 13:09:45",Supabase Webhook,Sync-Update,ซิงค์แก้ไขข้อมูลเด็กจาก Supabase: ดช.ศิวะกร สมสุขสันต์ ID: CHILD_1784123607963_32
"16/7/2026, 13:09:45",Supabase Webhook,Sync-Update,ซิงค์แก้ไขข้อมูลเด็กจาก Supabase: ทดลอง ID: 32
"16/7/2026, 13:09:48",Supabase Webhook,Sync-Update,ซิงค์แก้ไขข้อมูลเด็กจาก Supabase: ทดลอง ID: 13.3456789
"16/7/2026, 13:10:46",super,เข้าสู่ระบบ,เข้าสู่ระบบผ่าน EMAIL
"16/7/2026, 13:11:10",super,บันทึกการตั้งค่าระบบ,อัปเดต System Settings
"16/7/2026, 13:32:01",super,ลบข้อมูลเด็ก,ทำการลบ (Soft Delete) เด็ก ID: 13.3456789 ชื่อ: ทดลอง
"16/7/2026, 13:32:02",Supabase Webhook,Sync-Update,ซิงค์แก้ไขข้อมูลเด็กจาก Supabase: ทดลอง ID: 13.3456789
"16/7/2026, 13:32:28",itklonghad01@gmail.com,Rebuild MapData,Sync พิกัดทั้งหมด 24 จุดไปยัง Sheet MapData
"16/7/2026, 13:33:27",Supabase Webhook,Sync-Update,ซิงค์แก้ไขข้อมูลเด็กจาก Supabase: ดช.ภวินท์ ศรีสวนแก้ว ID: CHILD_1784123607962_1
"16/7/2026, 13:33:27",Supabase Webhook,Sync-Update,ซิงค์แก้ไขข้อมูลเด็กจาก Supabase: ดญ.นิรดา คล้อยตาม ID: CHILD_1784123607962_4
"16/7/2026, 13:33:27",Supabase Webhook,Sync-Update,ซิงค์แก้ไขข้อมูลเด็กจาก Supabase: ดช.ศิวะกร สมสุขสันต์ ID: 33
"16/7/2026, 13:33:28",Supabase Webhook,Sync-Update,ซิงค์แก้ไขข้อมูลเด็กจาก Supabase: ดช.ภูรินทร์ ทองวิจิตร ID: CHILD_1784123607962_5
"16/7/2026, 13:33:28",Supabase Webhook,Sync-Update,ซิงค์แก้ไขข้อมูลเด็กจาก Supabase: ดช.ธนวินต์ ธนสัญชัย ID: CHILD_1784123607962_10
"16/7/2026, 13:33:28",Supabase Webhook,Sync-Update,ซิงค์แก้ไขข้อมูลเด็กจาก Supabase: ดช.ธนดล กางกอน ID: CHILD_1784123607962_9
"16/7/2026, 13:33:28",Supabase Webhook,Sync-Update,ซิงค์แก้ไขข้อมูลเด็กจาก Supabase: ดช.ศิวะกร สมสุขสันต์ ID: CHILD_1784123607963_32
"16/7/2026, 13:33:29",Supabase Webhook,Sync-Update,ซิงค์แก้ไขข้อมูลเด็กจาก Supabase: ดช.ธารณ์ภัควัฒน์ สุทธินันท์ ID: CHILD_1784123607962_3
"16/7/2026, 13:33:29",Supabase Webhook,Sync-Update,ซิงค์แก้ไขข้อมูลเด็กจาก Supabase: ทดลอง ID: CHILD_1784123607963_33
"16/7/2026, 13:33:30",Supabase Webhook,Sync-Update,ซิงค์แก้ไขข้อมูลเด็กจาก Supabase: ทดลอง ID: 32
"16/7/2026, 13:36:36",super,เข้าสู่ระบบ,เข้าสู่ระบบผ่าน EMAIL
"16/7/2026, 13:36:55",Supabase Webhook,Sync-Update,ซิงค์แก้ไขข้อมูลเด็กจาก Supabase: ทดลอง ID: 13.3456789
"16/7/2026, 13:36:55",Supabase Webhook,Sync-Update,ซิงค์แก้ไขข้อมูลเด็กจาก Supabase: ดญ.สุนีย์พร โพธิ์งาม ID: CHILD_1784123607962_6
"16/7/2026, 13:36:55",Supabase Webhook,Sync-Update,ซิงค์แก้ไขข้อมูลเด็กจาก Supabase: ดช.ศิวะกร สมสุขสันต์ ID: CHILD_1784123607963_32
"16/7/2026, 13:36:56",Supabase Webhook,Sync-Update,ซิงค์แก้ไขข้อมูลเด็กจาก Supabase: ทดลอง ID: 32
"16/7/2026, 13:36:56",Supabase Webhook,Sync-Update,ซิงค์แก้ไขข้อมูลเด็กจาก Supabase: ทดลอง ID: CHILD_1784123607963_33
"16/7/2026, 13:36:56",Supabase Webhook,Sync-Update,ซิงค์แก้ไขข้อมูลเด็กจาก Supabase: ดช.ธนดล กางกอน ID: CHILD_1784123607962_9
"16/7/2026, 13:36:57",Supabase Webhook,Sync-Update,ซิงค์แก้ไขข้อมูลเด็กจาก Supabase: ดช.ศิวะกร สมสุขสันต์ ID: 33
"16/7/2026, 13:37:01",Supabase Webhook,Sync-Update,ซิงค์แก้ไขข้อมูลเด็กจาก Supabase: ดช.ธารณ์ภัควัฒน์ สุทธินันท์ ID: CHILD_1784123607962_3
"16/7/2026, 13:38:02",Supabase Webhook,Sync-Update,ซิงค์แก้ไขข้อมูลเด็กจาก Supabase: ดช.ภวินท์ ศรีสวนแก้ว ID: CHILD_1784123607962_1
"16/7/2026, 13:38:02",Supabase Webhook,Sync-Update,ซิงค์แก้ไขข้อมูลเด็กจาก Supabase: ดญ.สุนีย์พร โพธิ์งาม ID: CHILD_1784123607962_6
"16/7/2026, 13:38:02",Supabase Webhook,Sync-Update,ซิงค์แก้ไขข้อมูลเด็กจาก Supabase: ดญ.นิรดา คล้อยตาม ID: CHILD_1784123607962_4
"16/7/2026, 13:38:02",Supabase Webhook,Sync-Update,ซิงค์แก้ไขข้อมูลเด็กจาก Supabase: ดช.ศิวะกร สมสุขสันต์ ID: 13.4510617
"16/7/2026, 13:38:03",Supabase Webhook,Sync-Update,ซิงค์แก้ไขข้อมูลเด็กจาก Supabase: ดช.ศิวะกร สมสุขสันต์ ID: 33
"16/7/2026, 13:38:03",Supabase Webhook,Sync-Update,ซิงค์แก้ไขข้อมูลเด็กจาก Supabase: ดช.ธนวินต์ ธนสัญชัย ID: CHILD_1784123607962_10
"16/7/2026, 13:38:04",Supabase Webhook,Sync-Update,ซิงค์แก้ไขข้อมูลเด็กจาก Supabase: ทดลอง ID: 32
"16/7/2026, 13:38:04",Supabase Webhook,Sync-Update,ซิงค์แก้ไขข้อมูลเด็กจาก Supabase: ดช.รัชพล สาลีนนท์ ID: CHILD_1784123607962_11
"16/7/2026, 13:38:12",Supabase Webhook,Sync-Update,ซิงค์แก้ไขข้อมูลเด็กจาก Supabase: ดช.ศิวะกร สมสุขสันต์ ID: 33
"16/7/2026, 13:38:12",Supabase Webhook,Sync-Update,ซิงค์แก้ไขข้อมูลเด็กจาก Supabase: ดช.ภูรินทร์ ทองวิจิตร ID: CHILD_1784123607962_5
"16/7/2026, 13:38:12",Supabase Webhook,Sync-Update,ซิงค์แก้ไขข้อมูลเด็กจาก Supabase: ดช.ชินภัทร แก้วละลัย ID: CHILD_1784123607962_8
"16/7/2026, 13:38:13",Supabase Webhook,Sync-Update,ซิงค์แก้ไขข้อมูลเด็กจาก Supabase: ทดลอง ID: CHILD_1784123607963_33
"16/7/2026, 13:38:13",Supabase Webhook,Sync-Update,ซิงค์แก้ไขข้อมูลเด็กจาก Supabase: ดช.ภวินท์ ศรีสวนแก้ว ID: CHILD_1784123607962_1
"16/7/2026, 13:38:13",Supabase Webhook,Sync-Update,ซิงค์แก้ไขข้อมูลเด็กจาก Supabase: ทดลอง ID: 100
"16/7/2026, 13:38:13",Supabase Webhook,Sync-Update,ซิงค์แก้ไขข้อมูลเด็กจาก Supabase: ดญ.สุนีย์พร โพธิ์งาม ID: CHILD_1784123607962_6
"16/7/2026, 13:38:14",Supabase Webhook,Sync-Update,ซิงค์แก้ไขข้อมูลเด็กจาก Supabase: ดช.ศิวะกร สมสุขสันต์ ID: ไม่สม่ำเสมอ
"16/7/2026, 13:38:14",Supabase Webhook,Sync-Update,ซิงค์แก้ไขข้อมูลเด็กจาก Supabase: ดช.ธนดล กางกอน ID: CHILD_1784123607962_9
"16/7/2026, 13:38:15",Supabase Webhook,Sync-Update,ซิงค์แก้ไขข้อมูลเด็กจาก Supabase: ดช.ศิวะกร สมสุขสันต์ ID: CHILD_1784123607963_32
"16/7/2026, 13:38:25",Supabase Webhook,Sync-Update,ซิงค์แก้ไขข้อมูลเด็กจาก Supabase: ดช.ธนวินต์ ธนสัญชัย ID: CHILD_1784123607962_10
"16/7/2026, 13:42:06",super,เข้าสู่ระบบ,เข้าสู่ระบบผ่าน EMAIL
"16/7/2026, 13:42:18",Supabase Webhook,Sync-Update,ซิงค์แก้ไขข้อมูลเด็กจาก Supabase: ดญ.นิรดา คล้อยตาม ID: CHILD_1784123607962_4
"16/7/2026, 13:42:18",Supabase Webhook,Sync-Update,ซิงค์แก้ไขข้อมูลเด็กจาก Supabase: ทดลอง ID: 13.3456789
"16/7/2026, 13:42:18",Supabase Webhook,Sync-Update,ซิงค์แก้ไขข้อมูลเด็กจาก Supabase: ดช.ศิวะกร สมสุขสันต์ ID: 69
"16/7/2026, 13:42:19",Supabase Webhook,Sync-Update,ซิงค์แก้ไขข้อมูลเด็กจาก Supabase: ดช.ศิวะกร สมสุขสันต์ ID: CHILD_1784123607963_32
"16/7/2026, 13:42:19",Supabase Webhook,Sync-Update,ซิงค์แก้ไขข้อมูลเด็กจาก Supabase: ดช.ศิวะกร สมสุขสันต์ ID: ไม่สม่ำเสมอ
"16/7/2026, 13:42:19",Supabase Webhook,Sync-Update,ซิงค์แก้ไขข้อมูลเด็กจาก Supabase: ดช.หัสดี ศรีดำ ID: CHILD_1784123607962_2
"16/7/2026, 13:42:20",Supabase Webhook,Sync-Update,ซิงค์แก้ไขข้อมูลเด็กจาก Supabase: ดญ.สุนีย์พร โพธิ์งาม ID: CHILD_1784123607962_6
"16/7/2026, 13:42:21",Supabase Webhook,Sync-Update,ซิงค์แก้ไขข้อมูลเด็กจาก Supabase: ดช.ศิวะกร สมสุขสันต์ ID: 13.4510617
"16/7/2026, 13:42:26",Supabase Webhook,Sync-Update,ซิงค์แก้ไขข้อมูลเด็กจาก Supabase: ทดลอง ID: 32
"16/7/2026, 13:42:43",Supabase Webhook,Sync-Update,ซิงค์แก้ไขข้อมูลเด็กจาก Supabase: ดญ.สุนีย์พร โพธิ์งาม ID: CHILD_1784123607962_6
"16/7/2026, 13:42:43",Supabase Webhook,Sync-Update,ซิงค์แก้ไขข้อมูลเด็กจาก Supabase: ดช.ศิวะกร สมสุขสันต์ ID: 69
"16/7/2026, 13:42:44",Supabase Webhook,Sync-Update,ซิงค์แก้ไขข้อมูลเด็กจาก Supabase: ดญ.นิรดา คล้อยตาม ID: CHILD_1784123607962_4
"16/7/2026, 13:42:44",Supabase Webhook,Sync-Update,ซิงค์แก้ไขข้อมูลเด็กจาก Supabase: ทดลอง ID: 100
"16/7/2026, 13:42:44",Supabase Webhook,Sync-Update,ซิงค์แก้ไขข้อมูลเด็กจาก Supabase: ดช.ศิวะกร สมสุขสันต์ ID: 33
"16/7/2026, 13:42:44",Supabase Webhook,Sync-Update,ซิงค์แก้ไขข้อมูลเด็กจาก Supabase: ดช.ชินภัทร แก้วละลัย ID: CHILD_1784123607962_8
"16/7/2026, 13:42:44",Supabase Webhook,Sync-Update,ซิงค์แก้ไขข้อมูลเด็กจาก Supabase: ดญ.ภูรดา แก้วละลัย ID: CHILD_1784123607962_7
"16/7/2026, 13:42:45",Supabase Webhook,Sync-Update,ซิงค์แก้ไขข้อมูลเด็กจาก Supabase: ดช.ภวินท์ ศรีสวนแก้ว ID: CHILD_1784123607962_1
"16/7/2026, 13:42:45",Supabase Webhook,Sync-Update,ซิงค์แก้ไขข้อมูลเด็กจาก Supabase: ดช.ศิวะกร สมสุขสันต์ ID: CHILD_1784123607963_32
"16/7/2026, 13:43:56",Supabase Webhook,Sync-Update,ซิงค์แก้ไขข้อมูลเด็กจาก Supabase: ดญ.สุนีย์พร โพธิ์งาม ID: CHILD_1784123607962_6
"16/7/2026, 13:43:56",Supabase Webhook,Sync-Update,ซิงค์แก้ไขข้อมูลเด็กจาก Supabase: ทดลอง ID: 100
"16/7/2026, 13:43:56",Supabase Webhook,Sync-Update,ซิงค์แก้ไขข้อมูลเด็กจาก Supabase: ทดลอง ID: 13.3456789
"16/7/2026, 13:43:57",Supabase Webhook,Sync-Update,ซิงค์แก้ไขข้อมูลเด็กจาก Supabase: ดญ.นิรดา คล้อยตาม ID: CHILD_1784123607962_4
"16/7/2026, 13:43:57",Supabase Webhook,Sync-Update,ซิงค์แก้ไขข้อมูลเด็กจาก Supabase: ดช.ภวินท์ ศรีสวนแก้ว ID: CHILD_1784123607962_1
"16/7/2026, 13:43:57",Supabase Webhook,Sync-Update,ซิงค์แก้ไขข้อมูลเด็กจาก Supabase: ดช.ธนดล กางกอน ID: CHILD_1784123607962_9
"16/7/2026, 13:43:57",Supabase Webhook,Sync-Update,ซิงค์แก้ไขข้อมูลเด็กจาก Supabase: ดญ.ภูรดา แก้วละลัย ID: CHILD_1784123607962_7
"16/7/2026, 13:43:57",Supabase Webhook,Sync-Update,ซิงค์แก้ไขข้อมูลเด็กจาก Supabase: ดช.ธารณ์ภัควัฒน์ สุทธินันท์ ID: CHILD_1784123607962_3
"16/7/2026, 13:43:59",Supabase Webhook,Sync-Update,ซิงค์แก้ไขข้อมูลเด็กจาก Supabase: ดช.หัสดี ศรีดำ ID: CHILD_1784123607962_2
"16/7/2026, 13:44:23",Supabase Webhook,Sync-Update,ซิงค์แก้ไขข้อมูลเด็กจาก Supabase: ดช.ชินภัทร แก้วละลัย ID: CHILD_1784123607962_8
"16/7/2026, 13:44:23",Supabase Webhook,Sync-Update,ซิงค์แก้ไขข้อมูลเด็กจาก Supabase: ทดลอง ID: 100
"16/7/2026, 13:44:24",Supabase Webhook,Sync-Update,ซิงค์แก้ไขข้อมูลเด็กจาก Supabase: ดช.ศิวะกร สมสุขสันต์ ID: 13.4510617
"16/7/2026, 13:44:24",Supabase Webhook,Sync-Update,ซิงค์แก้ไขข้อมูลเด็กจาก Supabase: ดช.ศิวะกร สมสุขสันต์ ID: 69
"16/7/2026, 13:44:24",Supabase Webhook,Sync-Update,ซิงค์แก้ไขข้อมูลเด็กจาก Supabase: ดช.ศิวะกร สมสุขสันต์ ID: ไม่สม่ำเสมอ
"16/7/2026, 13:44:24",Supabase Webhook,Sync-Update,ซิงค์แก้ไขข้อมูลเด็กจาก Supabase: ดญ.นิรดา คล้อยตาม ID: CHILD_1784123607962_4
"16/7/2026, 13:44:28",Supabase Webhook,Sync-Update,ซิงค์แก้ไขข้อมูลเด็กจาก Supabase: ดช.ธารณ์ภัควัฒน์ สุทธินันท์ ID: CHILD_1784123607962_3
"16/7/2026, 13:49:08",Supabase Webhook,Sync-Update,ซิงค์แก้ไขข้อมูลเด็กจาก Supabase: ดญ.นิรดา คล้อยตาม ID: CHILD_1784123607962_4
"16/7/2026, 13:49:08",Supabase Webhook,Sync-Update,ซิงค์แก้ไขข้อมูลเด็กจาก Supabase: ทดลอง ID: 100
"16/7/2026, 13:49:09",Supabase Webhook,Sync-Update,ซิงค์แก้ไขข้อมูลเด็กจาก Supabase: ดช.ศิวะกร สมสุขสันต์ ID: 69
"16/7/2026, 13:49:09",Supabase Webhook,Sync-Update,ซิงค์แก้ไขข้อมูลเด็กจาก Supabase: ดช.ธนวินต์ ธนสัญชัย ID: CHILD_1784123607962_10
"16/7/2026, 13:49:10",Supabase Webhook,Sync-Update,ซิงค์แก้ไขข้อมูลเด็กจาก Supabase: ดช.ธนดล กางกอน ID: CHILD_1784123607962_9
"16/7/2026, 13:49:10",Supabase Webhook,Sync-Update,ซิงค์แก้ไขข้อมูลเด็กจาก Supabase: ดช.ศิวะกร สมสุขสันต์ ID: ไม่สม่ำเสมอ
"16/7/2026, 13:49:10",Supabase Webhook,Sync-Update,ซิงค์แก้ไขข้อมูลเด็กจาก Supabase: ดช.ภวินท์ ศรีสวนแก้ว ID: CHILD_1784123607962_1
"16/7/2026, 13:49:10",Supabase Webhook,Sync-Update,ซิงค์แก้ไขข้อมูลเด็กจาก Supabase: ทดลอง ID: CHILD_1784123607963_33
"16/7/2026, 13:57:40",Supabase Webhook,Sync-Update,ซิงค์แก้ไขข้อมูลเด็กจาก Supabase: ดช.ศิวะกร สมสุขสันต์ ID: ไม่สม่ำเสมอ
"16/7/2026, 13:57:40",Supabase Webhook,Sync-Update,ซิงค์แก้ไขข้อมูลเด็กจาก Supabase: ดช.รัชพล สาลีนนท์ ID: CHILD_1784123607962_11
"16/7/2026, 13:57:40",Supabase Webhook,Sync-Update,ซิงค์แก้ไขข้อมูลเด็กจาก Supabase: ดช.ภูรินทร์ ทองวิจิตร ID: CHILD_1784123607962_5
"16/7/2026, 13:57:40",Supabase Webhook,Sync-Update,ซิงค์แก้ไขข้อมูลเด็กจาก Supabase: ดช.ศิวะกร สมสุขสันต์ ID: 69
"16/7/2026, 13:57:41",Supabase Webhook,Sync-Update,ซิงค์แก้ไขข้อมูลเด็กจาก Supabase: ดช.ธนดล กางกอน ID: CHILD_1784123607962_9
"16/7/2026, 13:57:42",Supabase Webhook,Sync-Update,ซิงค์แก้ไขข้อมูลเด็กจาก Supabase: ดช.ศิวะกร สมสุขสันต์ ID: 33
"16/7/2026, 13:57:42",Supabase Webhook,Sync-Update,ซิงค์แก้ไขข้อมูลเด็กจาก Supabase: ดญ.นิรดา คล้อยตาม ID: CHILD_1784123607962_4
"16/7/2026, 13:57:42",Supabase Webhook,Sync-Update,ซิงค์แก้ไขข้อมูลเด็กจาก Supabase: ดช.ศิวะกร สมสุขสันต์ ID: CHILD_1784123607963_32
"16/7/2026, 13:57:42",Supabase Webhook,Sync-Update,ซิงค์แก้ไขข้อมูลเด็กจาก Supabase: ดช.ภวินท์ ศรีสวนแก้ว ID: CHILD_1784123607962_1
"16/7/2026, 13:57:51",Supabase Webhook,Sync-Update,ซิงค์แก้ไขข้อมูลเด็กจาก Supabase: ดญ.สุนีย์พร โพธิ์งาม ID: CHILD_1784123607962_6
"16/7/2026, 13:57:51",Supabase Webhook,Sync-Update,ซิงค์แก้ไขข้อมูลเด็กจาก Supabase: ทดลอง ID: 100
"16/7/2026, 13:57:51",Supabase Webhook,Sync-Update,ซิงค์แก้ไขข้อมูลเด็กจาก Supabase: ทดลอง ID: 13.3456789
"16/7/2026, 13:57:51",Supabase Webhook,Sync-Update,ซิงค์แก้ไขข้อมูลเด็กจาก Supabase: ดช.หัสดี ศรีดำ ID: CHILD_1784123607962_2
"16/7/2026, 13:57:51",Supabase Webhook,Sync-Update,ซิงค์แก้ไขข้อมูลเด็กจาก Supabase: ดช.ศิวะกร สมสุขสันต์ ID: 69
"16/7/2026, 13:57:51",Supabase Webhook,Sync-Update,ซิงค์แก้ไขข้อมูลเด็กจาก Supabase: ดญ.นิรดา คล้อยตาม ID: CHILD_1784123607962_4
"16/7/2026, 13:57:51",Supabase Webhook,Sync-Update,ซิงค์แก้ไขข้อมูลเด็กจาก Supabase: ดช.ศิวะกร สมสุขสันต์ ID: 13.4510617
"16/7/2026, 13:57:52",Supabase Webhook,Sync-Update,ซิงค์แก้ไขข้อมูลเด็กจาก Supabase: ดช.ศิวะกร สมสุขสันต์ ID: CHILD_1784123607963_32
"16/7/2026, 13:57:52",Supabase Webhook,Sync-Update,ซิงค์แก้ไขข้อมูลเด็กจาก Supabase: ดช.ธนวินต์ ธนสัญชัย ID: CHILD_1784123607962_10
"16/7/2026, 13:57:52",Supabase Webhook,Sync-Update,ซิงค์แก้ไขข้อมูลเด็กจาก Supabase: ดช.ศิวะกร สมสุขสันต์ ID: 33
"16/7/2026, 13:57:52",Supabase Webhook,Sync-Update,ซิงค์แก้ไขข้อมูลเด็กจาก Supabase: ดช.ภูรินทร์ ทองวิจิตร ID: CHILD_1784123607962_5
"16/7/2026, 13:57:53",Supabase Webhook,Sync-Update,ซิงค์แก้ไขข้อมูลเด็กจาก Supabase: ทดลอง ID: CHILD_1784123607963_33
"16/7/2026, 13:57:57",Supabase Webhook,Sync-Update,ซิงค์แก้ไขข้อมูลเด็กจาก Supabase: ดญ.ภูรดา แก้วละลัย ID: CHILD_1784123607962_7
"16/7/2026, 13:58:33",super,เข้าสู่ระบบ,เข้าสู่ระบบผ่าน EMAIL
"16/7/2026, 13:59:51",system,Align Users Headers,ปรับหัวคอลัมน์ Users Sheet ให้ตรงกับ Supabase (snake_case) เรียบร้อยแล้ว
"16/7/2026, 14:01:03",super,เข้าสู่ระบบ,เข้าสู่ระบบผ่าน EMAIL
"16/7/2026, 14:17:05",super,เข้าสู่ระบบ,เข้าสู่ระบบผ่าน EMAIL
"16/7/2026, 14:18:06",super,แก้ไขผู้ใช้งาน,อัปเดตข้อมูลผู้ใช้: สุดคนึง แย้มปราศัย
"16/7/2026, 14:19:30",super,เพิ่มผู้ใช้งาน,เพิ่มผู้ใช้ใหม่: Sarff
"17/7/2026, 9:37:23",admin1,เข้าสู่ระบบ,เข้าสู่ระบบผ่าน SSO