ID,ชื่อเด็ก,อายุ,บ้านเลขที่,หมู่,ชื่อหมู่บ้าน,Latitude,Longitude,Hct (%),น้ำหนัก (กก.),ส่วนสูง (ซม.),สถานะโภชนาการ,ได้รับยาเหล็ก,ผู้ดูแล,คะแนน Hct,คะแนนน้ำหนัก,คะแนนยาเหล็ก,คะแนนอาหาร,คะแนนสังคม,คะแนนรวม,ระดับความเสี่ยง,วันที่กินยาล่าสุด,Active
POINT (102.253093 13.462987),ดช.ภวินท์ ศรีสวนแก้ว,4 ปี,เสี่ยงปานกลาง,77,3,บ้านป่าช้ากวาง,13.462987,102.253093,35,15.8,103,สมส่วน,ได้,สมหญิง,,,,,,,,
POINT (102.33218 13.452623),ดช.หัสดี ศรีดำ,4 ปี,เสี่ยงปานกลาง,9849,8,บ้านเขาดิน,13.452623,102.33218,35,19.4,104,สมส่วน,ได้,เทวัญ,,,,,,,,
POINT (102.299076 13.453589),ดช.ธารณ์ภัควัฒน์ สุทธินันท์,4 ปี,เสี่ยงต่ำ,320,1,บ้านคลองหาด,13.453589,102.299076,34,13.7,103,สมส่วน,ได้,เบญจมาศ,,,,,,,,
POINT (102.3070586 13.4089029),ดญ.นิรดา คล้อยตาม,9 เดือน,เสี่ยงต่ำ,250,9,บ้านเขาเลื่อมใต้,13.4089029,102.3070586,36,7.52,69,สมส่วน,ได้,ณรงค์,,,,,,,,
POINT (102.2989702 13.4507208),ดช.ภูรินทร์ ทองวิจิตร,4 ปี,เสี่ยงต่ำ,120,5,บ้านคลองหาด,13.4507208,102.2989702,35,16.1,98,สมส่วน,ได้,ลออ,,,,,,,,
POINT (102.30072 13.41006),ดญ.สุนีย์พร โพธิ์งาม,4 ปี,เสี่ยงปานกลาง,100,4,บ้านเขาเลื่อม,13.41006,102.30072,31,15.2,101,สมส่วน,ได้,นที,,,,,,,,
POINT (102.301409 13.459817),ดญ.ภูรดา แก้วละลัย,4 ปี,เสี่ยงต่ำ,129,5,บ้านคลองหาด,13.459817,102.301409,36,15.2,108,สมส่วน,ได้,ลออ,,,,,,,,
POINT (102.2568526 13.4721432),ดช.ชินภัทร แก้วละลัย,9 เดือน,เสี่ยงปานกลาง,129,5,บ้านคลองหาด,13.4721432,102.2568526,31,8.3,74,สมส่วน,ได้,ลออ,,,,,,,,
POINT (102.2773734 13.4916354),ดช.ธนดล กางกอน,9 เดือน,เสี่ยงต่ำ,67,11,บ้านป่าตะแบก,13.4916354,102.2773734,34,7.35,68,สมส่วน,ได้,นฤมล,,,,,,,,
POINT (102.3052735 13.4589002),ดช.ธนวินต์ ธนสัญชัย,4 ปี,เสี่ยงต่ำ,4,6,บ้านทับวังวน,13.4589002,102.3052735,37,14,100,สมส่วน,ได้,รัชฎาภรณ์,,,,,,,,
POINT (102.3048127 13.4497395),ดช.รัชพล สาลีนนท์,9 เดือน,เสี่ยงสูง,8,6,บ้านทับวังวน,13.4497395,102.3048127,30,6.8,68,ค่อนข้างผอม,ได้,สัมฤทธิ์,,,,,,,,