ID,ชื่อ,Latitude,Longitude,ระดับความเสี่ยง,คะแนนรวม,หมู่บ้าน,หมู่,Hct,คำอธิบาย,อัปเดตล่าสุด
CHILD_1784123607962_2,ดช.หัสดี ศรีดำ,13.452623,102.33218,เสี่ยงปานกลาง,0,บ้านเขาดิน,8,35,อายุ: 4 ปี | Hct: 35% | คะแนนรวม: 0/10 | หมู่บ้าน: บ้านเขาดิน | ผู้ดูแล: เทวัญ,16/07/2026 13:57
CHILD_1784123607962_3,ดช.ธารณ์ภัควัฒน์ สุทธินันท์,13.453589,102.299076,เสี่ยงต่ำ,0,บ้านคลองหาด,1,34,อายุ: 4 ปี | Hct: 34% | คะแนนรวม: 0/10 | หมู่บ้าน: บ้านคลองหาด | ผู้ดูแล: เบญจมาศ,16/07/2026 13:57
CHILD_1784123607962_4,ดญ.นิรดา คล้อยตาม,13.4089029,102.3070586,เสี่ยงต่ำ,0,บ้านเขาเลื่อมใต้,9,36,อายุ: 9 เดือน | Hct: 36% | คะแนนรวม: 0/10 | หมู่บ้าน: บ้านเขาเลื่อมใต้ | ผู้ดูแล: ณรงค์,16/07/2026 13:57
CHILD_1784123607962_5,ดช.ภูรินทร์ ทองวิจิตร,13.4507208,102.2989702,เสี่ยงต่ำ,0,บ้านคลองหาด,5,35,อายุ: 4 ปี | Hct: 35% | คะแนนรวม: 0/10 | หมู่บ้าน: บ้านคลองหาด | ผู้ดูแล: ลออ,16/07/2026 13:57
CHILD_1784123607962_6,ดญ.สุนีย์พร โพธิ์งาม,13.41006,102.30072,เสี่ยงต่ำ,0,บ้านเขาเลื่อม,4,31,อายุ: 4 ปี | Hct: 31% | คะแนนรวม: 0/10 | หมู่บ้าน: บ้านเขาเลื่อม | ผู้ดูแล: นที,16/07/2026 13:57
CHILD_1784123607962_7,ดญ.ภูรดา แก้วละลัย,13.459817,102.301409,เสี่ยงต่ำ,0,บ้านคลองหาด,5,36,อายุ: 4 ปี | Hct: 36% | คะแนนรวม: 0/10 | หมู่บ้าน: บ้านคลองหาด | ผู้ดูแล: ลออ,16/07/2026 13:57
CHILD_1784123607962_8,ดช.ชินภัทร แก้วละลัย,13.4721432,102.2568526,เสี่ยงต่ำ,0,บ้านคลองหาด,5,31,อายุ: 9 เดือน | Hct: 31% | คะแนนรวม: 0/10 | หมู่บ้าน: บ้านคลองหาด | ผู้ดูแล: ลออ,16/07/2026 13:57
CHILD_1784123607962_9,ดช.ธนดล กางกอน,13.4916354,102.2773734,เสี่ยงต่ำ,0,บ้านป่าตะแบก,11,34,อายุ: 9 เดือน | Hct: 34% | คะแนนรวม: 0/10 | หมู่บ้าน: บ้านป่าตะแบก | ผู้ดูแล: นฤมล,16/07/2026 13:57
CHILD_1784123607962_10,ดช.ธนวินต์ ธนสัญชัย,13.4589002,102.3052735,เสี่ยงต่ำ,0,บ้านทับวังวน,6,37,อายุ: 4 ปี | Hct: 37% | คะแนนรวม: 0/10 | หมู่บ้าน: บ้านทับวังวน | ผู้ดูแล: รัชฎาภรณ์,16/07/2026 13:57
CHILD_1784123607962_11,ดช.รัชพล สาลีนนท์,13.4497395,102.3048127,เสี่ยงต่ำ,0,บ้านทับวังวน,6,30,อายุ: 9 เดือน | Hct: 30% | คะแนนรวม: 0/10 | หมู่บ้าน: บ้านทับวังวน | ผู้ดูแล: สัมฤทธิ์,16/07/2026 13:57
13.4510617,ดช.ศิวะกร สมสุขสันต์,151,7.4,คลองหาด,0,คลองหาด,3,,อายุ: 9 เดือน | Hct: -% | คะแนนรวม: 0/10 | หมู่บ้าน: คลองหาด | ผู้ดูแล: -,16/07/2026 13:57
13.3456789,ทดลอง,99,20,เสี่ยงต่ำ,0,คลองหาด,3,,อายุ: 4 ปี | Hct: -% | คะแนนรวม: 0/10 | หมู่บ้าน: คลองหาด | ผู้ดูแล: -,16/07/2026 13:57
CHILD_1784123607963_32,ดช.ศิวะกร สมสุขสันต์,8,102.3327233,เสี่ยงต่ำ,0,คลองหาด,คลองหาด,151,อายุ: 9 เดือน | Hct: 151% | คะแนนรวม: 0/10 | หมู่บ้าน: คลองหาด | ผู้ดูแล: -,16/07/2026 13:57
CHILD_1784123607962_1,ดช.ภวินท์ ศรีสวนแก้ว,13.462987,102.253093,เสี่ยงต่ำ,0,บ้านป่าช้ากวาง,3,35,อายุ: 4 ปี | Hct: 35% | คะแนนรวม: 0/10 | หมู่บ้าน: บ้านป่าช้ากวาง | ผู้ดูแล: สมหญิง,16/07/2026 13:57
CHILD_1784123607963_33,ทดลอง,13,102.2345679,เสี่ยงต่ำ,0,คลองหาด,คลองหาด,99,อายุ: 4 ปี | Hct: 99% | คะแนนรวม: 0/10 | หมู่บ้าน: คลองหาด | ผู้ดูแล: -,16/07/2026 13:57